,,,Work time,,Teilzeit,Teilzeit,Teilzeit,Teilzeit,Teilzeit,Teilzeit,Teilzeit,Teilzeit,Teilzeit,Teilzeit,Teilzeit,Teilzeit,Teilzeit,Teilzeit,Teilzeit,Teilzeit,Teilzeit,Teilzeit,Teilzeit,Teilzeit,Teilzeit,Teilzeit,Teilzeit,Teilzeit,Vollzeit,Vollzeit,Vollzeit,Vollzeit,Vollzeit,Vollzeit,Vollzeit,Vollzeit,Vollzeit,Vollzeit,Vollzeit,Vollzeit,Vollzeit,Vollzeit,Vollzeit,Vollzeit,Vollzeit,Vollzeit,Vollzeit,Vollzeit,Vollzeit,Vollzeit,Vollzeit,Vollzeit
,,,# Hires,,1,1,1,1,1,1,1,1,2-10,2-10,2-10,2-10,2-10,2-10,2-10,2-10,10+,10+,10+,10+,10+,10+,10+,10+,1,1,1,1,1,1,1,1,2-10,2-10,2-10,2-10,2-10,2-10,2-10,2-10,10+,10+,10+,10+,10+,10+,10+,10+
,,,Location,,Rural,Rural,Densification,Densification,Urban,Urban,Large city,Large city,Rural,Rural,Densification,Densification,Urban,Urban,Large city,Large city,Rural,Rural,Densification,Densification,Urban,Urban,Large city,Large city,Rural,Rural,Densification,Densification,Urban,Urban,Large city,Large city,Rural,Rural,Densification,Densification,Urban,Urban,Large city,Large city,Rural,Rural,Densification,Densification,Urban,Urban,Large city,Large city
,,,Trainee / Normal,,Trainee,Normal,Trainee,Normal,Trainee,Normal,Trainee,Normal,Trainee,Normal,Trainee,Normal,Trainee,Normal,Trainee,Normal,Trainee,Normal,Trainee,Normal,Trainee,Normal,Trainee,Normal,Trainee,Normal,Trainee,Normal,Trainee,Normal,Trainee,Normal,Trainee,Normal,Trainee,Normal,Trainee,Normal,Trainee,Normal,Trainee,Normal,Trainee,Normal,Trainee,Normal,Trainee,Normal
Joby Type German,Joby Type English,KldB Code,Hard/ Very Hard Classification,Final Base Budgets,,,,,,,,,,,,,,,,,,,,,,,,,,,,,,,,,,,,,,,,,,,,,,,,
Account-Manager/-in,account_manager,92133,Hard,"€1,000",€400,€700,€400,€700,€400,€800,€500,€900,€700,"€1,300",€700,"€1,300",€700,"€1,400",€800,"€1,600",€900,"€1,600",€900,"€1,600",€900,"€1,700","€1,000","€2,000",€500,€900,€500,€900,€500,"€1,000",€600,"€1,100",€800,"€1,600",€800,"€1,600",€900,"€1,800","€1,000","€2,000","€1,000","€2,000","€1,000","€2,000","€1,100","€2,200","€1,300","€2,500"
Altenpflegehelfer/-in,elderly_care_assistant,82101,,€700,€400,€400,€400,€400,€400,€500,€400,€600,€700,€700,€700,€700,€700,€900,€700,"€1,100",€900,€900,€900,€900,€900,"€1,100",€900,"€1,400",€400,€600,€400,€600,€400,€700,€400,€800,€700,"€1,100",€700,"€1,100",€700,"€1,300",€700,"€1,400",€900,"€1,400",€900,"€1,400",€900,"€1,600",€900,"€1,700"
Altenpfleger/in,geriatric_nurse,821,,"€1,100",€400,€800,€400,€800,€500,€900,€500,"€1,000",€700,"€1,400",€700,"€1,400",€800,"€1,600",€900,"€1,800",€900,"€1,700",€900,"€1,700","€1,000","€2,000","€1,100","€2,200",€500,"€1,000",€500,"€1,000",€600,"€1,100",€600,"€1,200",€900,"€1,800",€900,"€1,800","€1,000","€2,000","€1,100","€2,100","€1,100","€2,200","€1,100","€2,200","€1,300","€2,500","€1,400","€2,600"
Art-Direktor/-in,art_director,23294,Very Hard,"€1,000",€400,€700,€400,€700,€400,€800,€500,€900,€700,"€1,300",€700,"€1,300",€700,"€1,400",€800,"€1,600",€900,"€1,600",€900,"€1,600",€900,"€1,700","€1,000","€2,000",€500,€900,€500,€900,€500,"€1,000",€600,"€1,100",€800,"€1,600",€800,"€1,600",€900,"€1,800","€1,000","€2,000","€1,000","€2,000","€1,000","€2,000","€1,100","€2,200","€1,300","€2,500"
Arzt/Ärztin,doctor,814,Very Hard,"€1,000",€400,€700,€400,€700,€400,€800,€500,€900,€700,"€1,300",€700,"€1,300",€700,"€1,400",€800,"€1,600",€900,"€1,600",€900,"€1,600",€900,"€1,700","€1,000","€2,000",€500,€900,€500,€900,€500,"€1,000",€600,"€1,100",€800,"€1,600",€800,"€1,600",€900,"€1,800","€1,000","€2,000","€1,000","€2,000","€1,000","€2,000","€1,100","€2,200","€1,300","€2,500"
Arzthelfer/-in,doctor_s_assistant,81102,Hard,€800,€400,€500,€400,€500,€400,€600,€400,€700,€700,€900,€700,€900,€700,"€1,100",€700,"€1,300",€900,"€1,100",€900,"€1,100",€900,"€1,400",€900,"€1,600",€400,€700,€400,€700,€400,€800,€500,€900,€700,"€1,300",€700,"€1,300",€700,"€1,400",€800,"€1,600",€900,"€1,600",€900,"€1,600",€900,"€1,700","€1,000","€2,000"
Augenoptiker/-in,optician,82522,Hard,€700,€400,€400,€400,€400,€400,€500,€400,€600,€700,€700,€700,€700,€700,€900,€700,"€1,100",€900,€900,€900,€900,€900,"€1,100",€900,"€1,400",€400,€600,€400,€600,€400,€700,€400,€800,€700,"€1,100",€700,"€1,100",€700,"€1,300",€700,"€1,400",€900,"€1,400",€900,"€1,400",€900,"€1,600",€900,"€1,700"
Bäcker/-in,baker,2922,Hard,"€1,000",€400,€700,€400,€700,€400,€800,€500,€900,€700,"€1,300",€700,"€1,300",€700,"€1,400",€800,"€1,600",€900,"€1,600",€900,"€1,600",€900,"€1,700","€1,000","€2,000",€500,€900,€500,€900,€500,"€1,000",€600,"€1,100",€800,"€1,600",€800,"€1,600",€900,"€1,800","€1,000","€2,000","€1,000","€2,000","€1,000","€2,000","€1,100","€2,200","€1,300","€2,500"
Bahnarbeiter/-in,railway_worker,51522,Hard,"€1,000",€400,€700,€400,€700,€400,€800,€500,€900,€700,"€1,300",€700,"€1,300",€700,"€1,400",€800,"€1,600",€900,"€1,600",€900,"€1,600",€900,"€1,700","€1,000","€2,000",€500,€900,€500,€900,€500,"€1,000",€600,"€1,100",€800,"€1,600",€800,"€1,600",€900,"€1,800","€1,000","€2,000","€1,000","€2,000","€1,000","€2,000","€1,100","€2,200","€1,300","€2,500"
Bankkaufmann/-frau,banker,7211,Hard,€800,€400,€500,€400,€500,€400,€600,€400,€700,€700,€900,€700,€900,€700,"€1,100",€700,"€1,300",€900,"€1,100",€900,"€1,100",€900,"€1,400",€900,"€1,600",€400,€700,€400,€700,€400,€800,€500,€900,€700,"€1,300",€700,"€1,300",€700,"€1,400",€800,"€1,600",€900,"€1,600",€900,"€1,600",€900,"€1,700","€1,000","€2,000"
Barista,barista,63322,,"€1,000",€400,€700,€400,€700,€400,€800,€500,€900,€700,"€1,300",€700,"€1,300",€700,"€1,400",€800,"€1,600",€900,"€1,600",€900,"€1,600",€900,"€1,700","€1,000","€2,000",€500,€900,€500,€900,€500,"€1,000",€600,"€1,100",€800,"€1,600",€800,"€1,600",€900,"€1,800","€1,000","€2,000","€1,000","€2,000","€1,000","€2,000","€1,100","€2,200","€1,300","€2,500"
Barkeeper/-in,bartender,6332,,€800,€400,€500,€400,€500,€400,€600,€400,€700,€700,€900,€700,€900,€700,"€1,100",€700,"€1,300",€900,"€1,100",€900,"€1,100",€900,"€1,400",€900,"€1,600",€400,€700,€400,€700,€400,€800,€500,€900,€700,"€1,300",€700,"€1,300",€700,"€1,400",€800,"€1,600",€900,"€1,600",€900,"€1,600",€900,"€1,700","€1,000","€2,000"
Bauhelfer/-in,construction_helper,32101,Hard,€800,€400,€500,€400,€500,€400,€600,€400,€700,€700,€900,€700,€900,€700,"€1,100",€700,"€1,300",€900,"€1,100",€900,"€1,100",€900,"€1,400",€900,"€1,600",€400,€700,€400,€700,€400,€800,€500,€900,€700,"€1,300",€700,"€1,300",€700,"€1,400",€800,"€1,600",€900,"€1,600",€900,"€1,600",€900,"€1,700","€1,000","€2,000"
Bauleiter/-in,construction_leader,31194,Very Hard,"€1,100",€400,€800,€400,€800,€500,€900,€500,"€1,000",€700,"€1,400",€700,"€1,400",€800,"€1,600",€900,"€1,800",€900,"€1,700",€900,"€1,700","€1,000","€2,000","€1,100","€2,200",€500,"€1,000",€500,"€1,000",€600,"€1,100",€600,"€1,200",€900,"€1,800",€900,"€1,800","€1,000","€2,000","€1,100","€2,100","€1,100","€2,200","€1,100","€2,200","€1,300","€2,500","€1,400","€2,600"
Bauzeichner/-in,draftsman,272,Hard,€800,€400,€500,€400,€500,€400,€600,€400,€700,€700,€900,€700,€900,€700,"€1,100",€700,"€1,300",€900,"€1,100",€900,"€1,100",€900,"€1,400",€900,"€1,600",€400,€700,€400,€700,€400,€800,€500,€900,€700,"€1,300",€700,"€1,300",€700,"€1,400",€800,"€1,600",€900,"€1,600",€900,"€1,600",€900,"€1,700","€1,000","€2,000"
Berufsfeuerwehrmann/-frau,firefighter,53132,,€800,€400,€500,€400,€500,€400,€600,€400,€700,€700,€900,€700,€900,€700,"€1,100",€700,"€1,300",€900,"€1,100",€900,"€1,100",€900,"€1,400",€900,"€1,600",€400,€700,€400,€700,€400,€800,€500,€900,€700,"€1,300",€700,"€1,300",€700,"€1,400",€800,"€1,600",€900,"€1,600",€900,"€1,600",€900,"€1,700","€1,000","€2,000"
Berufskraftfahrer/-in,professional_driver,52122,,"€1,000",€400,€700,€400,€700,€400,€800,€500,€900,€700,"€1,300",€700,"€1,300",€700,"€1,400",€800,"€1,600",€900,"€1,600",€900,"€1,600",€900,"€1,700","€1,000","€2,000",€500,€900,€500,€900,€500,"€1,000",€600,"€1,100",€800,"€1,600",€800,"€1,600",€900,"€1,800","€1,000","€2,000","€1,000","€2,000","€1,000","€2,000","€1,100","€2,200","€1,300","€2,500"
Bestatter/in,undertaker,82402,,"€1,000",€400,€700,€400,€700,€400,€800,€500,€900,€700,"€1,300",€700,"€1,300",€700,"€1,400",€800,"€1,600",€900,"€1,600",€900,"€1,600",€900,"€1,700","€1,000","€2,000",€500,€900,€500,€900,€500,"€1,000",€600,"€1,100",€800,"€1,600",€800,"€1,600",€900,"€1,800","€1,000","€2,000","€1,000","€2,000","€1,000","€2,000","€1,100","€2,200","€1,300","€2,500"
Betriebsleiter/-in,operating_manager,27394,Hard,"€1,100",€400,€800,€400,€800,€500,€900,€500,"€1,000",€700,"€1,400",€700,"€1,400",€800,"€1,600",€900,"€1,800",€900,"€1,700",€900,"€1,700","€1,000","€2,000","€1,100","€2,200",€500,"€1,000",€500,"€1,000",€600,"€1,100",€600,"€1,200",€900,"€1,800",€900,"€1,800","€1,000","€2,000","€1,100","€2,100","€1,100","€2,200","€1,100","€2,200","€1,300","€2,500","€1,400","€2,600"
Brief und Paketzusteller/in,mailman,5132,,"€1,000",€400,€700,€400,€700,€400,€800,€500,€900,€700,"€1,300",€700,"€1,300",€700,"€1,400",€800,"€1,600",€900,"€1,600",€900,"€1,600",€900,"€1,700","€1,000","€2,000",€500,€900,€500,€900,€500,"€1,000",€600,"€1,100",€800,"€1,600",€800,"€1,600",€900,"€1,800","€1,000","€2,000","€1,000","€2,000","€1,000","€2,000","€1,100","€2,200","€1,300","€2,500"
Buchhalter/-in,accountant,7221,Very Hard,€800,€400,€500,€400,€500,€400,€600,€400,€700,€700,€900,€700,€900,€700,"€1,100",€700,"€1,300",€900,"€1,100",€900,"€1,100",€900,"€1,400",€900,"€1,600",€400,€700,€400,€700,€400,€800,€500,€900,€700,"€1,300",€700,"€1,300",€700,"€1,400",€800,"€1,600",€900,"€1,600",€900,"€1,600",€900,"€1,700","€1,000","€2,000"
Bürokaufmann/-frau,office_assistant,714,Hard,"€1,000",€400,€700,€400,€700,€400,€800,€500,€900,€700,"€1,300",€700,"€1,300",€700,"€1,400",€800,"€1,600",€900,"€1,600",€900,"€1,600",€900,"€1,700","€1,000","€2,000",€500,€900,€500,€900,€500,"€1,000",€600,"€1,100",€800,"€1,600",€800,"€1,600",€900,"€1,800","€1,000","€2,000","€1,000","€2,000","€1,000","€2,000","€1,100","€2,200","€1,300","€2,500"
Business Coach/-in,business_coach,84404,,"€1,300",€500,"€1,000",€500,"€1,000",€600,"€1,100",€600,"€1,200",€900,"€1,800",€900,"€1,800","€1,000","€2,000","€1,100","€2,100","€1,100","€2,200","€1,100","€2,200","€1,300","€2,500","€1,400","€2,600",€600,"€1,200",€600,"€1,200",€700,"€1,300",€700,"€1,400","€1,100","€2,100","€1,100","€2,100","€1,200","€2,300","€1,300","€2,500","€1,400","€2,600","€1,400","€2,600","€1,500","€2,800","€1,600","€3,100"
Business-Analyst/-in,business_analyst,71314,Very Hard,€700,€400,€400,€400,€400,€400,€500,€400,€600,€700,€700,€700,€700,€700,€900,€700,"€1,100",€900,€900,€900,€900,€900,"€1,100",€900,"€1,400",€400,€600,€400,€600,€400,€700,€400,€800,€700,"€1,100",€700,"€1,100",€700,"€1,300",€700,"€1,400",€900,"€1,400",€900,"€1,400",€900,"€1,600",€900,"€1,700"
Business-Development-Manager/-in,business_development_manager,71324,,"€1,100",€400,€800,€400,€800,€500,€900,€500,"€1,000",€700,"€1,400",€700,"€1,400",€800,"€1,600",€900,"€1,800",€900,"€1,700",€900,"€1,700","€1,000","€2,000","€1,100","€2,200",€500,"€1,000",€500,"€1,000",€600,"€1,100",€600,"€1,200",€900,"€1,800",€900,"€1,800","€1,000","€2,000","€1,100","€2,100","€1,100","€2,200","€1,100","€2,200","€1,300","€2,500","€1,400","€2,600"
Callcenter-Agent/-in,callcenter_agent,92122,,"€1,100",€400,€800,€400,€800,€500,€900,€500,"€1,000",€700,"€1,400",€700,"€1,400",€800,"€1,600",€900,"€1,800",€900,"€1,700",€900,"€1,700","€1,000","€2,000","€1,100","€2,200",€500,"€1,000",€500,"€1,000",€600,"€1,100",€600,"€1,200",€900,"€1,800",€900,"€1,800","€1,000","€2,000","€1,100","€2,100","€1,100","€2,200","€1,100","€2,200","€1,300","€2,500","€1,400","€2,600"
Chef de Rang,head_waiter,63394,Very Hard,"€1,300",€500,"€1,000",€500,"€1,000",€600,"€1,100",€600,"€1,200",€900,"€1,800",€900,"€1,800","€1,000","€2,000","€1,100","€2,100","€1,100","€2,200","€1,100","€2,200","€1,300","€2,500","€1,400","€2,600",€600,"€1,200",€600,"€1,200",€700,"€1,300",€700,"€1,400","€1,100","€2,100","€1,100","€2,100","€1,200","€2,300","€1,300","€2,500","€1,400","€2,600","€1,400","€2,600","€1,500","€2,800","€1,600","€3,100"
Content-Manager/-in,content_manager,92413,,"€1,000",€400,€700,€400,€700,€400,€800,€500,€900,€700,"€1,300",€700,"€1,300",€700,"€1,400",€800,"€1,600",€900,"€1,600",€900,"€1,600",€900,"€1,700","€1,000","€2,000",€500,€900,€500,€900,€500,"€1,000",€600,"€1,100",€800,"€1,600",€800,"€1,600",€900,"€1,800","€1,000","€2,000","€1,000","€2,000","€1,000","€2,000","€1,100","€2,200","€1,300","€2,500"
Controller/-in,controller,7223,Hard,€800,€400,€500,€400,€500,€400,€600,€400,€700,€700,€900,€700,€900,€700,"€1,100",€700,"€1,300",€900,"€1,100",€900,"€1,100",€900,"€1,400",€900,"€1,600",€400,€700,€400,€700,€400,€800,€500,€900,€700,"€1,300",€700,"€1,300",€700,"€1,400",€800,"€1,600",€900,"€1,600",€900,"€1,600",€900,"€1,700","€1,000","€2,000"
Dekorateur/-in,decorator,93232,Very Hard,"€1,100",€400,€800,€400,€800,€500,€900,€500,"€1,000",€700,"€1,400",€700,"€1,400",€800,"€1,600",€900,"€1,800",€900,"€1,700",€900,"€1,700","€1,000","€2,000","€1,100","€2,200",€500,"€1,000",€500,"€1,000",€600,"€1,100",€600,"€1,200",€900,"€1,800",€900,"€1,800","€1,000","€2,000","€1,100","€2,100","€1,100","€2,200","€1,100","€2,200","€1,300","€2,500","€1,400","€2,600"
EDV-Techniker/-in,it_technician,43113,Very Hard,"€1,000",€400,€700,€400,€700,€400,€800,€500,€900,€700,"€1,300",€700,"€1,300",€700,"€1,400",€800,"€1,600",€900,"€1,600",€900,"€1,600",€900,"€1,700","€1,000","€2,000",€500,€900,€500,€900,€500,"€1,000",€600,"€1,100",€800,"€1,600",€800,"€1,600",€900,"€1,800","€1,000","€2,000","€1,000","€2,000","€1,000","€2,000","€1,100","€2,200","€1,300","€2,500"
Einkäufer/in,purchaser,611,Hard,€800,€400,€500,€400,€500,€400,€600,€400,€700,€700,€900,€700,€900,€700,"€1,100",€700,"€1,300",€900,"€1,100",€900,"€1,100",€900,"€1,400",€900,"€1,600",€400,€700,€400,€700,€400,€800,€500,€900,€700,"€1,300",€700,"€1,300",€700,"€1,400",€800,"€1,600",€900,"€1,600",€900,"€1,600",€900,"€1,700","€1,000","€2,000"
Einzelhandelskaufmann/-frau,retail_salesman,62102,,"€1,100",€400,€800,€400,€800,€500,€900,€500,"€1,000",€700,"€1,400",€700,"€1,400",€800,"€1,600",€900,"€1,800",€900,"€1,700",€900,"€1,700","€1,000","€2,000","€1,100","€2,200",€500,"€1,000",€500,"€1,000",€600,"€1,100",€600,"€1,200",€900,"€1,800",€900,"€1,800","€1,000","€2,000","€1,100","€2,100","€1,100","€2,200","€1,100","€2,200","€1,300","€2,500","€1,400","€2,600"
Elektriker/-in,electrician,2621,Hard,"€1,000",€400,€700,€400,€700,€400,€800,€500,€900,€700,"€1,300",€700,"€1,300",€700,"€1,400",€800,"€1,600",€900,"€1,600",€900,"€1,600",€900,"€1,700","€1,000","€2,000",€500,€900,€500,€900,€500,"€1,000",€600,"€1,100",€800,"€1,600",€800,"€1,600",€900,"€1,800","€1,000","€2,000","€1,000","€2,000","€1,000","€2,000","€1,100","€2,200","€1,300","€2,500"
Elektroniker/in,electronic_technician,26122,,"€1,000",€400,€700,€400,€700,€400,€800,€500,€900,€700,"€1,300",€700,"€1,300",€700,"€1,400",€800,"€1,600",€900,"€1,600",€900,"€1,600",€900,"€1,700","€1,000","€2,000",€500,€900,€500,€900,€500,"€1,000",€600,"€1,100",€800,"€1,600",€800,"€1,600",€900,"€1,800","€1,000","€2,000","€1,000","€2,000","€1,000","€2,000","€1,100","€2,200","€1,300","€2,500"
Ernährungsberater/in,nutritionist,822,,"€1,000",€400,€700,€400,€700,€400,€800,€500,€900,€700,"€1,300",€700,"€1,300",€700,"€1,400",€800,"€1,600",€900,"€1,600",€900,"€1,600",€900,"€1,700","€1,000","€2,000",€500,€900,€500,€900,€500,"€1,000",€600,"€1,100",€800,"€1,600",€800,"€1,600",€900,"€1,800","€1,000","€2,000","€1,000","€2,000","€1,000","€2,000","€1,100","€2,200","€1,300","€2,500"
Erzieher/in,educator,831,,€800,€400,€500,€400,€500,€400,€600,€400,€700,€700,€900,€700,€900,€700,"€1,100",€700,"€1,300",€900,"€1,100",€900,"€1,100",€900,"€1,400",€900,"€1,600",€400,€700,€400,€700,€400,€800,€500,€900,€700,"€1,300",€700,"€1,300",€700,"€1,400",€800,"€1,600",€900,"€1,600",€900,"€1,600",€900,"€1,700","€1,000","€2,000"
Eventmanager/-in,event_manager,63403,,"€1,000",€400,€700,€400,€700,€400,€800,€500,€900,€700,"€1,300",€700,"€1,300",€700,"€1,400",€800,"€1,600",€900,"€1,600",€900,"€1,600",€900,"€1,700","€1,000","€2,000",€500,€900,€500,€900,€500,"€1,000",€600,"€1,100",€800,"€1,600",€800,"€1,600",€900,"€1,800","€1,000","€2,000","€1,000","€2,000","€1,000","€2,000","€1,100","€2,200","€1,300","€2,500"
Fahrdienstleiter/-in,train_dispatcher,51522,Very Hard,€800,€400,€500,€400,€500,€400,€600,€400,€700,€700,€900,€700,€900,€700,"€1,100",€700,"€1,300",€900,"€1,100",€900,"€1,100",€900,"€1,400",€900,"€1,600",€400,€700,€400,€700,€400,€800,€500,€900,€700,"€1,300",€700,"€1,300",€700,"€1,400",€800,"€1,600",€900,"€1,600",€900,"€1,600",€900,"€1,700","€1,000","€2,000"
Filialleiter/-in,branch_manager,6219,Hard,€800,€400,€500,€400,€500,€400,€600,€400,€700,€700,€900,€700,€900,€700,"€1,100",€700,"€1,300",€900,"€1,100",€900,"€1,100",€900,"€1,400",€900,"€1,600",€400,€700,€400,€700,€400,€800,€500,€900,€700,"€1,300",€700,"€1,300",€700,"€1,400",€800,"€1,600",€900,"€1,600",€900,"€1,600",€900,"€1,700","€1,000","€2,000"
Finance-Manager/-in,finance_manager,72294,Very Hard,€700,€400,€400,€400,€400,€400,€500,€400,€600,€700,€700,€700,€700,€700,€900,€700,"€1,100",€900,€900,€900,€900,€900,"€1,100",€900,"€1,400",€400,€600,€400,€600,€400,€700,€400,€800,€700,"€1,100",€700,"€1,100",€700,"€1,300",€700,"€1,400",€900,"€1,400",€900,"€1,400",€900,"€1,600",€900,"€1,700"
Fitnesstrainer/in,fitness_trainer,84553,Hard,"€1,000",€400,€700,€400,€700,€400,€800,€500,€900,€700,"€1,300",€700,"€1,300",€700,"€1,400",€800,"€1,600",€900,"€1,600",€900,"€1,600",€900,"€1,700","€1,000","€2,000",€500,€900,€500,€900,€500,"€1,000",€600,"€1,100",€800,"€1,600",€800,"€1,600",€900,"€1,800","€1,000","€2,000","€1,000","€2,000","€1,000","€2,000","€1,100","€2,200","€1,300","€2,500"
Florist/-in,florist,122,Hard,"€1,100",€400,€800,€400,€800,€500,€900,€500,"€1,000",€700,"€1,400",€700,"€1,400",€800,"€1,600",€900,"€1,800",€900,"€1,700",€900,"€1,700","€1,000","€2,000","€1,100","€2,200",€500,"€1,000",€500,"€1,000",€600,"€1,100",€600,"€1,200",€900,"€1,800",€900,"€1,800","€1,000","€2,000","€1,100","€2,100","€1,100","€2,200","€1,100","€2,200","€1,300","€2,500","€1,400","€2,600"
Flugbegleiter/-in,flight_attendant,51401,,"€1,100",€400,€800,€400,€800,€500,€900,€500,"€1,000",€700,"€1,400",€700,"€1,400",€800,"€1,600",€900,"€1,800",€900,"€1,700",€900,"€1,700","€1,000","€2,000","€1,100","€2,200",€500,"€1,000",€500,"€1,000",€600,"€1,100",€600,"€1,200",€900,"€1,800",€900,"€1,800","€1,000","€2,000","€1,100","€2,100","€1,100","€2,200","€1,100","€2,200","€1,300","€2,500","€1,400","€2,600"
Fotograf/in,photographer,23222,,"€1,100",€400,€800,€400,€800,€500,€900,€500,"€1,000",€700,"€1,400",€700,"€1,400",€800,"€1,600",€900,"€1,800",€900,"€1,700",€900,"€1,700","€1,000","€2,000","€1,100","€2,200",€500,"€1,000",€500,"€1,000",€600,"€1,100",€600,"€1,200",€900,"€1,800",€900,"€1,800","€1,000","€2,000","€1,100","€2,100","€1,100","€2,200","€1,100","€2,200","€1,300","€2,500","€1,400","€2,600"
Freizeitbetreuer/in,animator,6313,,"€1,100",€400,€800,€400,€800,€500,€900,€500,"€1,000",€700,"€1,400",€700,"€1,400",€800,"€1,600",€900,"€1,800",€900,"€1,700",€900,"€1,700","€1,000","€2,000","€1,100","€2,200",€500,"€1,000",€500,"€1,000",€600,"€1,100",€600,"€1,200",€900,"€1,800",€900,"€1,800","€1,000","€2,000","€1,100","€2,100","€1,100","€2,200","€1,100","€2,200","€1,300","€2,500","€1,400","€2,600"
Frisör/-in,hair_dresser,8231,Hard,"€1,100",€400,€800,€400,€800,€500,€900,€500,"€1,000",€700,"€1,400",€700,"€1,400",€800,"€1,600",€900,"€1,800",€900,"€1,700",€900,"€1,700","€1,000","€2,000","€1,100","€2,200",€500,"€1,000",€500,"€1,000",€600,"€1,100",€600,"€1,200",€900,"€1,800",€900,"€1,800","€1,000","€2,000","€1,100","€2,100","€1,100","€2,200","€1,100","€2,200","€1,300","€2,500","€1,400","€2,600"
Fußballtrainer/in,soccer_coach,84543,,"€1,000",€400,€700,€400,€700,€400,€800,€500,€900,€700,"€1,300",€700,"€1,300",€700,"€1,400",€800,"€1,600",€900,"€1,600",€900,"€1,600",€900,"€1,700","€1,000","€2,000",€500,€900,€500,€900,€500,"€1,000",€600,"€1,100",€800,"€1,600",€800,"€1,600",€900,"€1,800","€1,000","€2,000","€1,000","€2,000","€1,000","€2,000","€1,100","€2,200","€1,300","€2,500"
Gärtner/-in,gardener,121,Hard,"€1,000",€400,€700,€400,€700,€400,€800,€500,€900,€700,"€1,300",€700,"€1,300",€700,"€1,400",€800,"€1,600",€900,"€1,600",€900,"€1,600",€900,"€1,700","€1,000","€2,000",€500,€900,€500,€900,€500,"€1,000",€600,"€1,100",€800,"€1,600",€800,"€1,600",€900,"€1,800","€1,000","€2,000","€1,000","€2,000","€1,000","€2,000","€1,100","€2,200","€1,300","€2,500"
Geschäftsführer/-in,director,71104,,"€1,100",€400,€800,€400,€800,€500,€900,€500,"€1,000",€700,"€1,400",€700,"€1,400",€800,"€1,600",€900,"€1,800",€900,"€1,700",€900,"€1,700","€1,000","€2,000","€1,100","€2,200",€500,"€1,000",€500,"€1,000",€600,"€1,100",€600,"€1,200",€900,"€1,800",€900,"€1,800","€1,000","€2,000","€1,100","€2,100","€1,100","€2,200","€1,100","€2,200","€1,300","€2,500","€1,400","€2,600"
Gleisbauer/-in,track_builder,32232,Very Hard,"€1,000",€400,€700,€400,€700,€400,€800,€500,€900,€700,"€1,300",€700,"€1,300",€700,"€1,400",€800,"€1,600",€900,"€1,600",€900,"€1,600",€900,"€1,700","€1,000","€2,000",€500,€900,€500,€900,€500,"€1,000",€600,"€1,100",€800,"€1,600",€800,"€1,600",€900,"€1,800","€1,000","€2,000","€1,000","€2,000","€1,000","€2,000","€1,100","€2,200","€1,300","€2,500"
Grafikdesigner/-in,graphic_designer,2322,Hard,"€1,000",€400,€700,€400,€700,€400,€800,€500,€900,€700,"€1,300",€700,"€1,300",€700,"€1,400",€800,"€1,600",€900,"€1,600",€900,"€1,600",€900,"€1,700","€1,000","€2,000",€500,€900,€500,€900,€500,"€1,000",€600,"€1,100",€800,"€1,600",€800,"€1,600",€900,"€1,800","€1,000","€2,000","€1,000","€2,000","€1,000","€2,000","€1,100","€2,200","€1,300","€2,500"
Handelsfachwirt/-in,trade_and_commerce_specialist,61203,,"€1,000",€400,€700,€400,€700,€400,€800,€500,€900,€700,"€1,300",€700,"€1,300",€700,"€1,400",€800,"€1,600",€900,"€1,600",€900,"€1,600",€900,"€1,700","€1,000","€2,000",€500,€900,€500,€900,€500,"€1,000",€600,"€1,100",€800,"€1,600",€800,"€1,600",€900,"€1,800","€1,000","€2,000","€1,000","€2,000","€1,000","€2,000","€1,100","€2,200","€1,300","€2,500"
Handwerker/-in,craftsman,32,Hard,"€1,100",€400,€800,€400,€800,€500,€900,€500,"€1,000",€700,"€1,400",€700,"€1,400",€800,"€1,600",€900,"€1,800",€900,"€1,700",€900,"€1,700","€1,000","€2,000","€1,100","€2,200",€500,"€1,000",€500,"€1,000",€600,"€1,100",€600,"€1,200",€900,"€1,800",€900,"€1,800","€1,000","€2,000","€1,100","€2,100","€1,100","€2,200","€1,100","€2,200","€1,300","€2,500","€1,400","€2,600"
Haushälter/-in,housekeeper,83212,,€700,€400,€400,€400,€400,€400,€500,€400,€600,€700,€700,€700,€700,€700,€900,€700,"€1,100",€900,€900,€900,€900,€900,"€1,100",€900,"€1,400",€400,€600,€400,€600,€400,€700,€400,€800,€700,"€1,100",€700,"€1,100",€700,"€1,300",€700,"€1,400",€900,"€1,400",€900,"€1,400",€900,"€1,600",€900,"€1,700"
Hausmeister/-in,janitor,34102,,"€1,000",€400,€700,€400,€700,€400,€800,€500,€900,€700,"€1,300",€700,"€1,300",€700,"€1,400",€800,"€1,600",€900,"€1,600",€900,"€1,600",€900,"€1,700","€1,000","€2,000",€500,€900,€500,€900,€500,"€1,000",€600,"€1,100",€800,"€1,600",€800,"€1,600",€900,"€1,800","€1,000","€2,000","€1,000","€2,000","€1,000","€2,000","€1,100","€2,200","€1,300","€2,500"
Haustechniker/-in,company_technician,34102,,"€1,000",€400,€700,€400,€700,€400,€800,€500,€900,€700,"€1,300",€700,"€1,300",€700,"€1,400",€800,"€1,600",€900,"€1,600",€900,"€1,600",€900,"€1,700","€1,000","€2,000",€500,€900,€500,€900,€500,"€1,000",€600,"€1,100",€800,"€1,600",€800,"€1,600",€900,"€1,800","€1,000","€2,000","€1,000","€2,000","€1,000","€2,000","€1,100","€2,200","€1,300","€2,500"
Head of Finance,head_of_finance,72294,Very Hard,"€1,300",€500,"€1,000",€500,"€1,000",€600,"€1,100",€600,"€1,200",€900,"€1,800",€900,"€1,800","€1,000","€2,000","€1,100","€2,100","€1,100","€2,200","€1,100","€2,200","€1,300","€2,500","€1,400","€2,600",€600,"€1,200",€600,"€1,200",€700,"€1,300",€700,"€1,400","€1,100","€2,100","€1,100","€2,100","€1,200","€2,300","€1,300","€2,500","€1,400","€2,600","€1,400","€2,600","€1,500","€2,800","€1,600","€3,100"
Hebamme/Entbindungspfleger,midwife,81352,,"€1,000",€400,€700,€400,€700,€400,€800,€500,€900,€700,"€1,300",€700,"€1,300",€700,"€1,400",€800,"€1,600",€900,"€1,600",€900,"€1,600",€900,"€1,700","€1,000","€2,000",€500,€900,€500,€900,€500,"€1,000",€600,"€1,100",€800,"€1,600",€800,"€1,600",€900,"€1,800","€1,000","€2,000","€1,000","€2,000","€1,000","€2,000","€1,100","€2,200","€1,300","€2,500"
Host/Hostess,hostess,63401,,€700,€400,€400,€400,€400,€400,€500,€400,€600,€700,€700,€700,€700,€700,€900,€700,"€1,100",€900,€900,€900,€900,€900,"€1,100",€900,"€1,400",€400,€600,€400,€600,€400,€700,€400,€800,€700,"€1,100",€700,"€1,100",€700,"€1,300",€700,"€1,400",€900,"€1,400",€900,"€1,400",€900,"€1,600",€900,"€1,700"
Hotelfachmann/-frau,hotel_manager,63294,,€800,€400,€500,€400,€500,€400,€600,€400,€700,€700,€900,€700,€900,€700,"€1,100",€700,"€1,300",€900,"€1,100",€900,"€1,100",€900,"€1,400",€900,"€1,600",€400,€700,€400,€700,€400,€800,€500,€900,€700,"€1,300",€700,"€1,300",€700,"€1,400",€800,"€1,600",€900,"€1,600",€900,"€1,600",€900,"€1,700","€1,000","€2,000"
HR-Manager/-in,hr_manager,71514,Hard,"€1,000",€400,€700,€400,€700,€400,€800,€500,€900,€700,"€1,300",€700,"€1,300",€700,"€1,400",€800,"€1,600",€900,"€1,600",€900,"€1,600",€900,"€1,700","€1,000","€2,000",€500,€900,€500,€900,€500,"€1,000",€600,"€1,100",€800,"€1,600",€800,"€1,600",€900,"€1,800","€1,000","€2,000","€1,000","€2,000","€1,000","€2,000","€1,100","€2,200","€1,300","€2,500"
Immobilienkaufmann/-frau,real_estate_agent,61312,Very Hard,"€1,100",€400,€800,€400,€800,€500,€900,€500,"€1,000",€700,"€1,400",€700,"€1,400",€800,"€1,600",€900,"€1,800",€900,"€1,700",€900,"€1,700","€1,000","€2,000","€1,100","€2,200",€500,"€1,000",€500,"€1,000",€600,"€1,100",€600,"€1,200",€900,"€1,800",€900,"€1,800","€1,000","€2,000","€1,100","€2,100","€1,100","€2,200","€1,100","€2,200","€1,300","€2,500","€1,400","€2,600"
Industriekaufmann/-frau,industrial_clerk,71302,Hard,"€1,100",€400,€800,€400,€800,€500,€900,€500,"€1,000",€700,"€1,400",€700,"€1,400",€800,"€1,600",€900,"€1,800",€900,"€1,700",€900,"€1,700","€1,000","€2,000","€1,100","€2,200",€500,"€1,000",€500,"€1,000",€600,"€1,100",€600,"€1,200",€900,"€1,800",€900,"€1,800","€1,000","€2,000","€1,100","€2,100","€1,100","€2,200","€1,100","€2,200","€1,300","€2,500","€1,400","€2,600"
Informatiker/-in,computer_scientist,431,Hard,"€1,000",€400,€700,€400,€700,€400,€800,€500,€900,€700,"€1,300",€700,"€1,300",€700,"€1,400",€800,"€1,600",€900,"€1,600",€900,"€1,600",€900,"€1,700","€1,000","€2,000",€500,€900,€500,€900,€500,"€1,000",€600,"€1,100",€800,"€1,600",€800,"€1,600",€900,"€1,800","€1,000","€2,000","€1,000","€2,000","€1,000","€2,000","€1,100","€2,200","€1,300","€2,500"
Ingenieur/-in,engineer,27304,Hard,"€1,100",€400,€800,€400,€800,€500,€900,€500,"€1,000",€700,"€1,400",€700,"€1,400",€800,"€1,600",€900,"€1,800",€900,"€1,700",€900,"€1,700","€1,000","€2,000","€1,100","€2,200",€500,"€1,000",€500,"€1,000",€600,"€1,100",€600,"€1,200",€900,"€1,800",€900,"€1,800","€1,000","€2,000","€1,100","€2,100","€1,100","€2,200","€1,100","€2,200","€1,300","€2,500","€1,400","€2,600"
IT-Administrator/-in,it_administrator,43343,Hard,"€1,100",€400,€800,€400,€800,€500,€900,€500,"€1,000",€700,"€1,400",€700,"€1,400",€800,"€1,600",€900,"€1,800",€900,"€1,700",€900,"€1,700","€1,000","€2,000","€1,100","€2,200",€500,"€1,000",€500,"€1,000",€600,"€1,100",€600,"€1,200",€900,"€1,800",€900,"€1,800","€1,000","€2,000","€1,100","€2,100","€1,100","€2,200","€1,100","€2,200","€1,300","€2,500","€1,400","€2,600"
Jurist/-in,lawyer,73,Very Hard,"€1,100",€400,€800,€400,€800,€500,€900,€500,"€1,000",€700,"€1,400",€700,"€1,400",€800,"€1,600",€900,"€1,800",€900,"€1,700",€900,"€1,700","€1,000","€2,000","€1,100","€2,200",€500,"€1,000",€500,"€1,000",€600,"€1,100",€600,"€1,200",€900,"€1,800",€900,"€1,800","€1,000","€2,000","€1,100","€2,100","€1,100","€2,200","€1,100","€2,200","€1,300","€2,500","€1,400","€2,600"
Kassierer/-in,cashier,6211,,"€1,000",€400,€700,€400,€700,€400,€800,€500,€900,€700,"€1,300",€700,"€1,300",€700,"€1,400",€800,"€1,600",€900,"€1,600",€900,"€1,600",€900,"€1,700","€1,000","€2,000",€500,€900,€500,€900,€500,"€1,000",€600,"€1,100",€800,"€1,600",€800,"€1,600",€900,"€1,800","€1,000","€2,000","€1,000","€2,000","€1,000","€2,000","€1,100","€2,200","€1,300","€2,500"
Koch/Köchin,chef,2930,Hard,"€1,100",€400,€800,€400,€800,€500,€900,€500,"€1,000",€700,"€1,400",€700,"€1,400",€800,"€1,600",€900,"€1,800",€900,"€1,700",€900,"€1,700","€1,000","€2,000","€1,100","€2,200",€500,"€1,000",€500,"€1,000",€600,"€1,100",€600,"€1,200",€900,"€1,800",€900,"€1,800","€1,000","€2,000","€1,100","€2,100","€1,100","€2,200","€1,100","€2,200","€1,300","€2,500","€1,400","€2,600"
Kosmetiker/-in,cosmetician,8232,Hard,"€1,000",€400,€700,€400,€700,€400,€800,€500,€900,€700,"€1,300",€700,"€1,300",€700,"€1,400",€800,"€1,600",€900,"€1,600",€900,"€1,600",€900,"€1,700","€1,000","€2,000",€500,€900,€500,€900,€500,"€1,000",€600,"€1,100",€800,"€1,600",€800,"€1,600",€900,"€1,800","€1,000","€2,000","€1,000","€2,000","€1,000","€2,000","€1,100","€2,200","€1,300","€2,500"
Krankenpflegehelfer/-in,healthcare_assistant,81301,,"€1,300",€500,"€1,000",€500,"€1,000",€600,"€1,100",€600,"€1,200",€900,"€1,800",€900,"€1,800","€1,000","€2,000","€1,100","€2,100","€1,100","€2,200","€1,100","€2,200","€1,300","€2,500","€1,400","€2,600",€600,"€1,200",€600,"€1,200",€700,"€1,300",€700,"€1,400","€1,100","€2,100","€1,100","€2,100","€1,200","€2,300","€1,300","€2,500","€1,400","€2,600","€1,400","€2,600","€1,500","€2,800","€1,600","€3,100"
Krankenschwester/-pfleger,nurse,81302,Hard,"€1,000",€400,€700,€400,€700,€400,€800,€500,€900,€700,"€1,300",€700,"€1,300",€700,"€1,400",€800,"€1,600",€900,"€1,600",€900,"€1,600",€900,"€1,700","€1,000","€2,000",€500,€900,€500,€900,€500,"€1,000",€600,"€1,100",€800,"€1,600",€800,"€1,600",€900,"€1,800","€1,000","€2,000","€1,000","€2,000","€1,000","€2,000","€1,100","€2,200","€1,300","€2,500"
Küchenhilfe,kitchen_assistant,29301,,"€1,100",€400,€800,€400,€800,€500,€900,€500,"€1,000",€700,"€1,400",€700,"€1,400",€800,"€1,600",€900,"€1,800",€900,"€1,700",€900,"€1,700","€1,000","€2,000","€1,100","€2,200",€500,"€1,000",€500,"€1,000",€600,"€1,100",€600,"€1,200",€900,"€1,800",€900,"€1,800","€1,000","€2,000","€1,100","€2,100","€1,100","€2,200","€1,100","€2,200","€1,300","€2,500","€1,400","€2,600"
Kundenberater/-in,sales_agent,6210,,"€1,100",€400,€800,€400,€800,€500,€900,€500,"€1,000",€700,"€1,400",€700,"€1,400",€800,"€1,600",€900,"€1,800",€900,"€1,700",€900,"€1,700","€1,000","€2,000","€1,100","€2,200",€500,"€1,000",€500,"€1,000",€600,"€1,100",€600,"€1,200",€900,"€1,800",€900,"€1,800","€1,000","€2,000","€1,100","€2,100","€1,100","€2,200","€1,100","€2,200","€1,300","€2,500","€1,400","€2,600"
Kundenservice,customer_support,7145,,"€1,000",€400,€700,€400,€700,€400,€800,€500,€900,€700,"€1,300",€700,"€1,300",€700,"€1,400",€800,"€1,600",€900,"€1,600",€900,"€1,600",€900,"€1,700","€1,000","€2,000",€500,€900,€500,€900,€500,"€1,000",€600,"€1,100",€800,"€1,600",€800,"€1,600",€900,"€1,800","€1,000","€2,000","€1,000","€2,000","€1,000","€2,000","€1,100","€2,200","€1,300","€2,500"
Laborassistent/-in,laboratory_assistant,81212,Very Hard,€700,€400,€400,€400,€400,€400,€500,€400,€600,€700,€700,€700,€700,€700,€900,€700,"€1,100",€900,€900,€900,€900,€900,"€1,100",€900,"€1,400",€400,€600,€400,€600,€400,€700,€400,€800,€700,"€1,100",€700,"€1,100",€700,"€1,300",€700,"€1,400",€900,"€1,400",€900,"€1,400",€900,"€1,600",€900,"€1,700"
Lagermitarbeiter/-in,inventory_manager,51311,,€800,€400,€500,€400,€500,€400,€600,€400,€700,€700,€900,€700,€900,€700,"€1,100",€700,"€1,300",€900,"€1,100",€900,"€1,100",€900,"€1,400",€900,"€1,600",€400,€700,€400,€700,€400,€800,€500,€900,€700,"€1,300",€700,"€1,300",€700,"€1,400",€800,"€1,600",€900,"€1,600",€900,"€1,600",€900,"€1,700","€1,000","€2,000"
Landwirt/-in,farmer,111,,"€1,100",€400,€800,€400,€800,€500,€900,€500,"€1,000",€700,"€1,400",€700,"€1,400",€800,"€1,600",€900,"€1,800",€900,"€1,700",€900,"€1,700","€1,000","€2,000","€1,100","€2,200",€500,"€1,000",€500,"€1,000",€600,"€1,100",€600,"€1,200",€900,"€1,800",€900,"€1,800","€1,000","€2,000","€1,100","€2,100","€1,100","€2,200","€1,100","€2,200","€1,300","€2,500","€1,400","€2,600"
Lehrer/-in,teacher,84,,€700,€400,€400,€400,€400,€400,€500,€400,€600,€700,€700,€700,€700,€700,€900,€700,"€1,100",€900,€900,€900,€900,€900,"€1,100",€900,"€1,400",€400,€600,€400,€600,€400,€700,€400,€800,€700,"€1,100",€700,"€1,100",€700,"€1,300",€700,"€1,400",€900,"€1,400",€900,"€1,400",€900,"€1,600",€900,"€1,700"
Lieferfahrer/-in,delivery_driver,52182,,"€1,000",€400,€700,€400,€700,€400,€800,€500,€900,€700,"€1,300",€700,"€1,300",€700,"€1,400",€800,"€1,600",€900,"€1,600",€900,"€1,600",€900,"€1,700","€1,000","€2,000",€500,€900,€500,€900,€500,"€1,000",€600,"€1,100",€800,"€1,600",€800,"€1,600",€900,"€1,800","€1,000","€2,000","€1,000","€2,000","€1,000","€2,000","€1,100","€2,200","€1,300","€2,500"
Lokführer/-in,train_driver,52202,,"€1,000",€400,€700,€400,€700,€400,€800,€500,€900,€700,"€1,300",€700,"€1,300",€700,"€1,400",€800,"€1,600",€900,"€1,600",€900,"€1,600",€900,"€1,700","€1,000","€2,000",€500,€900,€500,€900,€500,"€1,000",€600,"€1,100",€800,"€1,600",€800,"€1,600",€900,"€1,800","€1,000","€2,000","€1,000","€2,000","€1,000","€2,000","€1,100","€2,200","€1,300","€2,500"
Lufttransportbegleiter/-in,airlift_companion,1203,,"€1,100",€400,€800,€400,€800,€500,€900,€500,"€1,000",€700,"€1,400",€700,"€1,400",€800,"€1,600",€900,"€1,800",€900,"€1,700",€900,"€1,700","€1,000","€2,000","€1,100","€2,200",€500,"€1,000",€500,"€1,000",€600,"€1,100",€600,"€1,200",€900,"€1,800",€900,"€1,800","€1,000","€2,000","€1,100","€2,100","€1,100","€2,200","€1,100","€2,200","€1,300","€2,500","€1,400","€2,600"
Management-Assistent/-in,executive_assistant,71403,Very Hard,"€1,000",€400,€700,€400,€700,€400,€800,€500,€900,€700,"€1,300",€700,"€1,300",€700,"€1,400",€800,"€1,600",€900,"€1,600",€900,"€1,600",€900,"€1,700","€1,000","€2,000",€500,€900,€500,€900,€500,"€1,000",€600,"€1,100",€800,"€1,600",€800,"€1,600",€900,"€1,800","€1,000","€2,000","€1,000","€2,000","€1,000","€2,000","€1,100","€2,200","€1,300","€2,500"
Marketing-Manager/-in,marketing_manager,92194,Hard,"€1,000",€400,€700,€400,€700,€400,€800,€500,€900,€700,"€1,300",€700,"€1,300",€700,"€1,400",€800,"€1,600",€900,"€1,600",€900,"€1,600",€900,"€1,700","€1,000","€2,000",€500,€900,€500,€900,€500,"€1,000",€600,"€1,100",€800,"€1,600",€800,"€1,600",€900,"€1,800","€1,000","€2,000","€1,000","€2,000","€1,000","€2,000","€1,100","€2,200","€1,300","€2,500"
Maschinenführer/-in,machine_operator,52522,Hard,"€1,000",€400,€700,€400,€700,€400,€800,€500,€900,€700,"€1,300",€700,"€1,300",€700,"€1,400",€800,"€1,600",€900,"€1,600",€900,"€1,600",€900,"€1,700","€1,000","€2,000",€500,€900,€500,€900,€500,"€1,000",€600,"€1,100",€800,"€1,600",€800,"€1,600",€900,"€1,800","€1,000","€2,000","€1,000","€2,000","€1,000","€2,000","€1,100","€2,200","€1,300","€2,500"
Mechaniker/-in,mechanic,25132,Hard,€800,€400,€500,€400,€500,€400,€600,€400,€700,€700,€900,€700,€900,€700,"€1,100",€700,"€1,300",€900,"€1,100",€900,"€1,100",€900,"€1,400",€900,"€1,600",€400,€700,€400,€700,€400,€800,€500,€900,€700,"€1,300",€700,"€1,300",€700,"€1,400",€800,"€1,600",€900,"€1,600",€900,"€1,600",€900,"€1,700","€1,000","€2,000"
Mechatroniker/-in,mechatronics_engineer,26112,Hard,"€1,000",€400,€700,€400,€700,€400,€800,€500,€900,€700,"€1,300",€700,"€1,300",€700,"€1,400",€800,"€1,600",€900,"€1,600",€900,"€1,600",€900,"€1,700","€1,000","€2,000",€500,€900,€500,€900,€500,"€1,000",€600,"€1,100",€800,"€1,600",€800,"€1,600",€900,"€1,800","€1,000","€2,000","€1,000","€2,000","€1,000","€2,000","€1,100","€2,200","€1,300","€2,500"
Medizinisches Personal,medical_staff,61194,Hard,"€1,000",€400,€700,€400,€700,€400,€800,€500,€900,€700,"€1,300",€700,"€1,300",€700,"€1,400",€800,"€1,600",€900,"€1,600",€900,"€1,600",€900,"€1,700","€1,000","€2,000",€500,€900,€500,€900,€500,"€1,000",€600,"€1,100",€800,"€1,600",€800,"€1,600",€900,"€1,800","€1,000","€2,000","€1,000","€2,000","€1,000","€2,000","€1,100","€2,200","€1,300","€2,500"
Meinungsforscher/in,poll_taker,91344,,"€1,000",€400,€700,€400,€700,€400,€800,€500,€900,€700,"€1,300",€700,"€1,300",€700,"€1,400",€800,"€1,600",€900,"€1,600",€900,"€1,600",€900,"€1,700","€1,000","€2,000",€500,€900,€500,€900,€500,"€1,000",€600,"€1,100",€800,"€1,600",€800,"€1,600",€900,"€1,800","€1,000","€2,000","€1,000","€2,000","€1,000","€2,000","€1,100","€2,200","€1,300","€2,500"
Metzger/-in,butcher,2923,Hard,"€1,000",€400,€700,€400,€700,€400,€800,€500,€900,€700,"€1,300",€700,"€1,300",€700,"€1,400",€800,"€1,600",€900,"€1,600",€900,"€1,600",€900,"€1,700","€1,000","€2,000",€500,€900,€500,€900,€500,"€1,000",€600,"€1,100",€800,"€1,600",€800,"€1,600",€900,"€1,800","€1,000","€2,000","€1,000","€2,000","€1,000","€2,000","€1,100","€2,200","€1,300","€2,500"
Möbelpacker/-in,furniture_mover,22342,Hard,€700,€400,€400,€400,€400,€400,€500,€400,€600,€700,€700,€700,€700,€700,€900,€700,"€1,100",€900,€900,€900,€900,€900,"€1,100",€900,"€1,400",€400,€600,€400,€600,€400,€700,€400,€800,€700,"€1,100",€700,"€1,100",€700,"€1,300",€700,"€1,400",€900,"€1,400",€900,"€1,400",€900,"€1,600",€900,"€1,700"
Mode Designer/in,designer,28214,,€800,€400,€500,€400,€500,€400,€600,€400,€700,€700,€900,€700,€900,€700,"€1,100",€700,"€1,300",€900,"€1,100",€900,"€1,100",€900,"€1,400",€900,"€1,600",€400,€700,€400,€700,€400,€800,€500,€900,€700,"€1,300",€700,"€1,300",€700,"€1,400",€800,"€1,600",€900,"€1,600",€900,"€1,600",€900,"€1,700","€1,000","€2,000"
Monteur/-in,installer,34212,Hard,€800,€400,€500,€400,€500,€400,€600,€400,€700,€700,€900,€700,€900,€700,"€1,100",€700,"€1,300",€900,"€1,100",€900,"€1,100",€900,"€1,400",€900,"€1,600",€400,€700,€400,€700,€400,€800,€500,€900,€700,"€1,300",€700,"€1,300",€700,"€1,400",€800,"€1,600",€900,"€1,600",€900,"€1,600",€900,"€1,700","€1,000","€2,000"
Müllwerker/in,dustman,3433,,€800,€400,€500,€400,€500,€400,€600,€400,€700,€700,€900,€700,€900,€700,"€1,100",€700,"€1,300",€900,"€1,100",€900,"€1,100",€900,"€1,400",€900,"€1,600",€400,€700,€400,€700,€400,€800,€500,€900,€700,"€1,300",€700,"€1,300",€700,"€1,400",€800,"€1,600",€900,"€1,600",€900,"€1,600",€900,"€1,700","€1,000","€2,000"
Objektmanager/-in,facility_manager,61323,,"€1,100",€400,€800,€400,€800,€500,€900,€500,"€1,000",€700,"€1,400",€700,"€1,400",€800,"€1,600",€900,"€1,800",€900,"€1,700",€900,"€1,700","€1,000","€2,000","€1,100","€2,200",€500,"€1,000",€500,"€1,000",€600,"€1,100",€600,"€1,200",€900,"€1,800",€900,"€1,800","€1,000","€2,000","€1,100","€2,100","€1,100","€2,200","€1,100","€2,200","€1,300","€2,500","€1,400","€2,600"
Office Manager/-in,office_management,71402,,"€1,000",€400,€700,€400,€700,€400,€800,€500,€900,€700,"€1,300",€700,"€1,300",€700,"€1,400",€800,"€1,600",€900,"€1,600",€900,"€1,600",€900,"€1,700","€1,000","€2,000",€500,€900,€500,€900,€500,"€1,000",€600,"€1,100",€800,"€1,600",€800,"€1,600",€900,"€1,800","€1,000","€2,000","€1,000","€2,000","€1,000","€2,000","€1,100","€2,200","€1,300","€2,500"
Pädagoge/-in,pedagogue,84224,Hard,"€1,100",€400,€800,€400,€800,€500,€900,€500,"€1,000",€700,"€1,400",€700,"€1,400",€800,"€1,600",€900,"€1,800",€900,"€1,700",€900,"€1,700","€1,000","€2,000","€1,100","€2,200",€500,"€1,000",€500,"€1,000",€600,"€1,100",€600,"€1,200",€900,"€1,800",€900,"€1,800","€1,000","€2,000","€1,100","€2,100","€1,100","€2,200","€1,100","€2,200","€1,300","€2,500","€1,400","€2,600"
Pflegekraft,caregiver,8130,Hard,€800,€400,€500,€400,€500,€400,€600,€400,€700,€700,€900,€700,€900,€700,"€1,100",€700,"€1,300",€900,"€1,100",€900,"€1,100",€900,"€1,400",€900,"€1,600",€400,€700,€400,€700,€400,€800,€500,€900,€700,"€1,300",€700,"€1,300",€700,"€1,400",€800,"€1,600",€900,"€1,600",€900,"€1,600",€900,"€1,700","€1,000","€2,000"
Pförtner,portier,53111,,"€1,100",€400,€800,€400,€800,€500,€900,€500,"€1,000",€700,"€1,400",€700,"€1,400",€800,"€1,600",€900,"€1,800",€900,"€1,700",€900,"€1,700","€1,000","€2,000","€1,100","€2,200",€500,"€1,000",€500,"€1,000",€600,"€1,100",€600,"€1,200",€900,"€1,800",€900,"€1,800","€1,000","€2,000","€1,100","€2,100","€1,100","€2,200","€1,100","€2,200","€1,300","€2,500","€1,400","€2,600"
Pharmazeut/-in,pharmacist,818,Very Hard,€800,€400,€500,€400,€500,€400,€600,€400,€700,€700,€900,€700,€900,€700,"€1,100",€700,"€1,300",€900,"€1,100",€900,"€1,100",€900,"€1,400",€900,"€1,600",€400,€700,€400,€700,€400,€800,€500,€900,€700,"€1,300",€700,"€1,300",€700,"€1,400",€800,"€1,600",€900,"€1,600",€900,"€1,600",€900,"€1,700","€1,000","€2,000"
Physiker/-in,physicist,414,,€800,€400,€500,€400,€500,€400,€600,€400,€700,€700,€900,€700,€900,€700,"€1,100",€700,"€1,300",€900,"€1,100",€900,"€1,100",€900,"€1,400",€900,"€1,600",€400,€700,€400,€700,€400,€800,€500,€900,€700,"€1,300",€700,"€1,300",€700,"€1,400",€800,"€1,600",€900,"€1,600",€900,"€1,600",€900,"€1,700","€1,000","€2,000"
Physiotherapeut,physiotherapist,8171,Very Hard,"€1,000",€400,€700,€400,€700,€400,€800,€500,€900,€700,"€1,300",€700,"€1,300",€700,"€1,400",€800,"€1,600",€900,"€1,600",€900,"€1,600",€900,"€1,700","€1,000","€2,000",€500,€900,€500,€900,€500,"€1,000",€600,"€1,100",€800,"€1,600",€800,"€1,600",€900,"€1,800","€1,000","€2,000","€1,000","€2,000","€1,000","€2,000","€1,100","€2,200","€1,300","€2,500"
Polizist/in,officer,532,,"€1,100",€400,€800,€400,€800,€500,€900,€500,"€1,000",€700,"€1,400",€700,"€1,400",€800,"€1,600",€900,"€1,800",€900,"€1,700",€900,"€1,700","€1,000","€2,000","€1,100","€2,200",€500,"€1,000",€500,"€1,000",€600,"€1,100",€600,"€1,200",€900,"€1,800",€900,"€1,800","€1,000","€2,000","€1,100","€2,100","€1,100","€2,200","€1,100","€2,200","€1,300","€2,500","€1,400","€2,600"
Portier/in,concierge,63222,,"€1,000",€400,€700,€400,€700,€400,€800,€500,€900,€700,"€1,300",€700,"€1,300",€700,"€1,400",€800,"€1,600",€900,"€1,600",€900,"€1,600",€900,"€1,700","€1,000","€2,000",€500,€900,€500,€900,€500,"€1,000",€600,"€1,100",€800,"€1,600",€800,"€1,600",€900,"€1,800","€1,000","€2,000","€1,000","€2,000","€1,000","€2,000","€1,100","€2,200","€1,300","€2,500"
Produktionsmitarbeiter/-in,production_worker,28102,,"€1,100",€400,€800,€400,€800,€500,€900,€500,"€1,000",€700,"€1,400",€700,"€1,400",€800,"€1,600",€900,"€1,800",€900,"€1,700",€900,"€1,700","€1,000","€2,000","€1,100","€2,200",€500,"€1,000",€500,"€1,000",€600,"€1,100",€600,"€1,200",€900,"€1,800",€900,"€1,800","€1,000","€2,000","€1,100","€2,100","€1,100","€2,200","€1,100","€2,200","€1,300","€2,500","€1,400","€2,600"
Produktmanager/-in,product_manager,92113,Hard,"€1,000",€400,€700,€400,€700,€400,€800,€500,€900,€700,"€1,300",€700,"€1,300",€700,"€1,400",€800,"€1,600",€900,"€1,600",€900,"€1,600",€900,"€1,700","€1,000","€2,000",€500,€900,€500,€900,€500,"€1,000",€600,"€1,100",€800,"€1,600",€800,"€1,600",€900,"€1,800","€1,000","€2,000","€1,000","€2,000","€1,000","€2,000","€1,100","€2,200","€1,300","€2,500"
Projektmanager/-in,project_manager,71393,Very Hard,€800,€400,€500,€400,€500,€400,€600,€400,€700,€700,€900,€700,€900,€700,"€1,100",€700,"€1,300",€900,"€1,100",€900,"€1,100",€900,"€1,400",€900,"€1,600",€400,€700,€400,€700,€400,€800,€500,€900,€700,"€1,300",€700,"€1,300",€700,"€1,400",€800,"€1,600",€900,"€1,600",€900,"€1,600",€900,"€1,700","€1,000","€2,000"
Promoter/-in,promoter,62182,,€800,€400,€500,€400,€500,€400,€600,€400,€700,€700,€900,€700,€900,€700,"€1,100",€700,"€1,300",€900,"€1,100",€900,"€1,100",€900,"€1,400",€900,"€1,600",€400,€700,€400,€700,€400,€800,€500,€900,€700,"€1,300",€700,"€1,300",€700,"€1,400",€800,"€1,600",€900,"€1,600",€900,"€1,600",€900,"€1,700","€1,000","€2,000"
Psychologe/Psychologin,psychologist,8162,Hard,€800,€400,€500,€400,€500,€400,€600,€400,€700,€700,€900,€700,€900,€700,"€1,100",€700,"€1,300",€900,"€1,100",€900,"€1,100",€900,"€1,400",€900,"€1,600",€400,€700,€400,€700,€400,€800,€500,€900,€700,"€1,300",€700,"€1,300",€700,"€1,400",€800,"€1,600",€900,"€1,600",€900,"€1,600",€900,"€1,700","€1,000","€2,000"
Qualitätssicherung,quality_assurance,27313,Very Hard,€800,€400,€500,€400,€500,€400,€600,€400,€700,€700,€900,€700,€900,€700,"€1,100",€700,"€1,300",€900,"€1,100",€900,"€1,100",€900,"€1,400",€900,"€1,600",€400,€700,€400,€700,€400,€800,€500,€900,€700,"€1,300",€700,"€1,300",€700,"€1,400",€800,"€1,600",€900,"€1,600",€900,"€1,600",€900,"€1,700","€1,000","€2,000"
Regalauffüller/-in,stock_assistant,62101,,"€1,000",€400,€700,€400,€700,€400,€800,€500,€900,€700,"€1,300",€700,"€1,300",€700,"€1,400",€800,"€1,600",€900,"€1,600",€900,"€1,600",€900,"€1,700","€1,000","€2,000",€500,€900,€500,€900,€500,"€1,000",€600,"€1,100",€800,"€1,600",€800,"€1,600",€900,"€1,800","€1,000","€2,000","€1,000","€2,000","€1,000","€2,000","€1,100","€2,200","€1,300","€2,500"
Reinigungskraft,cleaner,5410,,"€1,000",€400,€700,€400,€700,€400,€800,€500,€900,€700,"€1,300",€700,"€1,300",€700,"€1,400",€800,"€1,600",€900,"€1,600",€900,"€1,600",€900,"€1,700","€1,000","€2,000",€500,€900,€500,€900,€500,"€1,000",€600,"€1,100",€800,"€1,600",€800,"€1,600",€900,"€1,800","€1,000","€2,000","€1,000","€2,000","€1,000","€2,000","€1,100","€2,200","€1,300","€2,500"
Reiseleiter/in,tour_guide,6314,,€800,€400,€500,€400,€500,€400,€600,€400,€700,€700,€900,€700,€900,€700,"€1,100",€700,"€1,300",€900,"€1,100",€900,"€1,100",€900,"€1,400",€900,"€1,600",€400,€700,€400,€700,€400,€800,€500,€900,€700,"€1,300",€700,"€1,300",€700,"€1,400",€800,"€1,600",€900,"€1,600",€900,"€1,600",€900,"€1,700","€1,000","€2,000"
Reiseverkehrskaufmann/-frau,tourism,6311,,€800,€400,€500,€400,€500,€400,€600,€400,€700,€700,€900,€700,€900,€700,"€1,100",€700,"€1,300",€900,"€1,100",€900,"€1,100",€900,"€1,400",€900,"€1,600",€400,€700,€400,€700,€400,€800,€500,€900,€700,"€1,300",€700,"€1,300",€700,"€1,400",€800,"€1,600",€900,"€1,600",€900,"€1,600",€900,"€1,700","€1,000","€2,000"
Reservierungsmitarbeiter/-in,reservation_agent,63222,,"€1,100",€400,€800,€400,€800,€500,€900,€500,"€1,000",€700,"€1,400",€700,"€1,400",€800,"€1,600",€900,"€1,800",€900,"€1,700",€900,"€1,700","€1,000","€2,000","€1,100","€2,200",€500,"€1,000",€500,"€1,000",€600,"€1,100",€600,"€1,200",€900,"€1,800",€900,"€1,800","€1,000","€2,000","€1,100","€2,100","€1,100","€2,200","€1,100","€2,200","€1,300","€2,500","€1,400","€2,600"
Restaurantleiter/-in,restaurant_manager,2939,,"€1,100",€400,€800,€400,€800,€500,€900,€500,"€1,000",€700,"€1,400",€700,"€1,400",€800,"€1,600",€900,"€1,800",€900,"€1,700",€900,"€1,700","€1,000","€2,000","€1,100","€2,200",€500,"€1,000",€500,"€1,000",€600,"€1,100",€600,"€1,200",€900,"€1,800",€900,"€1,800","€1,000","€2,000","€1,100","€2,100","€1,100","€2,200","€1,100","€2,200","€1,300","€2,500","€1,400","€2,600"
Rettungssanitäter/in,paramedic,81342,Very Hard,"€1,300",€500,"€1,000",€500,"€1,000",€600,"€1,100",€600,"€1,200",€900,"€1,800",€900,"€1,800","€1,000","€2,000","€1,100","€2,100","€1,100","€2,200","€1,100","€2,200","€1,300","€2,500","€1,400","€2,600",€600,"€1,200",€600,"€1,200",€700,"€1,300",€700,"€1,400","€1,100","€2,100","€1,100","€2,100","€1,200","€2,300","€1,300","€2,500","€1,400","€2,600","€1,400","€2,600","€1,500","€2,800","€1,600","€3,100"
Rezeptionist/-in,receptionist,63221,,€800,€400,€500,€400,€500,€400,€600,€400,€700,€700,€900,€700,€900,€700,"€1,100",€700,"€1,300",€900,"€1,100",€900,"€1,100",€900,"€1,400",€900,"€1,600",€400,€700,€400,€700,€400,€800,€500,€900,€700,"€1,300",€700,"€1,300",€700,"€1,400",€800,"€1,600",€900,"€1,600",€900,"€1,600",€900,"€1,700","€1,000","€2,000"
Sachbearbeiter/-in,clerk,71402,,€800,€400,€500,€400,€500,€400,€600,€400,€700,€700,€900,€700,€900,€700,"€1,100",€700,"€1,300",€900,"€1,100",€900,"€1,100",€900,"€1,400",€900,"€1,600",€400,€700,€400,€700,€400,€800,€500,€900,€700,"€1,300",€700,"€1,300",€700,"€1,400",€800,"€1,600",€900,"€1,600",€900,"€1,600",€900,"€1,700","€1,000","€2,000"
Sales-Manager/-in,sales_manager,61124,,"€1,000",€400,€700,€400,€700,€400,€800,€500,€900,€700,"€1,300",€700,"€1,300",€700,"€1,400",€800,"€1,600",€900,"€1,600",€900,"€1,600",€900,"€1,700","€1,000","€2,000",€500,€900,€500,€900,€500,"€1,000",€600,"€1,100",€800,"€1,600",€800,"€1,600",€900,"€1,800","€1,000","€2,000","€1,000","€2,000","€1,000","€2,000","€1,100","€2,200","€1,300","€2,500"
Schichtleiter/-in,shift_supervisor,27393,Hard,"€1,100",€400,€800,€400,€800,€500,€900,€500,"€1,000",€700,"€1,400",€700,"€1,400",€800,"€1,600",€900,"€1,800",€900,"€1,700",€900,"€1,700","€1,000","€2,000","€1,100","€2,200",€500,"€1,000",€500,"€1,000",€600,"€1,100",€600,"€1,200",€900,"€1,800",€900,"€1,800","€1,000","€2,000","€1,100","€2,100","€1,100","€2,200","€1,100","€2,200","€1,300","€2,500","€1,400","€2,600"
Schlosser/-in,locksmith,25102,Hard,"€1,000",€400,€700,€400,€700,€400,€800,€500,€900,€700,"€1,300",€700,"€1,300",€700,"€1,400",€800,"€1,600",€900,"€1,600",€900,"€1,600",€900,"€1,700","€1,000","€2,000",€500,€900,€500,€900,€500,"€1,000",€600,"€1,100",€800,"€1,600",€800,"€1,600",€900,"€1,800","€1,000","€2,000","€1,000","€2,000","€1,000","€2,000","€1,100","€2,200","€1,300","€2,500"
Schneider/in,tailor,28222,,€800,€400,€500,€400,€500,€400,€600,€400,€700,€700,€900,€700,€900,€700,"€1,100",€700,"€1,300",€900,"€1,100",€900,"€1,100",€900,"€1,400",€900,"€1,600",€400,€700,€400,€700,€400,€800,€500,€900,€700,"€1,300",€700,"€1,300",€700,"€1,400",€800,"€1,600",€900,"€1,600",€900,"€1,600",€900,"€1,700","€1,000","€2,000"
Schreiner/in,carpenter,22342,,"€1,100",€400,€800,€400,€800,€500,€900,€500,"€1,000",€700,"€1,400",€700,"€1,400",€800,"€1,600",€900,"€1,800",€900,"€1,700",€900,"€1,700","€1,000","€2,000","€1,100","€2,200",€500,"€1,000",€500,"€1,000",€600,"€1,100",€600,"€1,200",€900,"€1,800",€900,"€1,800","€1,000","€2,000","€1,100","€2,100","€1,100","€2,200","€1,100","€2,200","€1,300","€2,500","€1,400","€2,600"
Schweißer/in,welder,2442,,€700,€400,€400,€400,€400,€400,€500,€400,€600,€700,€700,€700,€700,€700,€900,€700,"€1,100",€900,€900,€900,€900,€900,"€1,100",€900,"€1,400",€400,€600,€400,€600,€400,€700,€400,€800,€700,"€1,100",€700,"€1,100",€700,"€1,300",€700,"€1,400",€900,"€1,400",€900,"€1,400",€900,"€1,600",€900,"€1,700"
Sekretär/in,secretary,7140,,€800,€400,€500,€400,€500,€400,€600,€400,€700,€700,€900,€700,€900,€700,"€1,100",€700,"€1,300",€900,"€1,100",€900,"€1,100",€900,"€1,400",€900,"€1,600",€400,€700,€400,€700,€400,€800,€500,€900,€700,"€1,300",€700,"€1,300",€700,"€1,400",€800,"€1,600",€900,"€1,600",€900,"€1,600",€900,"€1,700","€1,000","€2,000"
Service/Kellner/-in,waiter_waitress,63301,,€800,€400,€500,€400,€500,€400,€600,€400,€700,€700,€900,€700,€900,€700,"€1,100",€700,"€1,300",€900,"€1,100",€900,"€1,100",€900,"€1,400",€900,"€1,600",€400,€700,€400,€700,€400,€800,€500,€900,€700,"€1,300",€700,"€1,300",€700,"€1,400",€800,"€1,600",€900,"€1,600",€900,"€1,600",€900,"€1,700","€1,000","€2,000"
Servicemitarbeiter/-in,service_person,6330,,€700,€400,€400,€400,€400,€400,€500,€400,€600,€700,€700,€700,€700,€700,€900,€700,"€1,100",€900,€900,€900,€900,€900,"€1,100",€900,"€1,400",€400,€600,€400,€600,€400,€700,€400,€800,€700,"€1,100",€700,"€1,100",€700,"€1,300",€700,"€1,400",€900,"€1,400",€900,"€1,400",€900,"€1,600",€900,"€1,700"
Sicherheitsmitarbeiter/-in,security,5311,,€800,€400,€500,€400,€500,€400,€600,€400,€700,€700,€900,€700,€900,€700,"€1,100",€700,"€1,300",€900,"€1,100",€900,"€1,100",€900,"€1,400",€900,"€1,600",€400,€700,€400,€700,€400,€800,€500,€900,€700,"€1,300",€700,"€1,300",€700,"€1,400",€800,"€1,600",€900,"€1,600",€900,"€1,600",€900,"€1,700","€1,000","€2,000"
Softwareentwickler/-in,software_developer,43423,Very Hard,"€1,100",€400,€800,€400,€800,€500,€900,€500,"€1,000",€700,"€1,400",€700,"€1,400",€800,"€1,600",€900,"€1,800",€900,"€1,700",€900,"€1,700","€1,000","€2,000","€1,100","€2,200",€500,"€1,000",€500,"€1,000",€600,"€1,100",€600,"€1,200",€900,"€1,800",€900,"€1,800","€1,000","€2,000","€1,100","€2,100","€1,100","€2,200","€1,100","€2,200","€1,300","€2,500","€1,400","€2,600"
Soldat/-in,soldier,1,,€800,€400,€500,€400,€500,€400,€600,€400,€700,€700,€900,€700,€900,€700,"€1,100",€700,"€1,300",€900,"€1,100",€900,"€1,100",€900,"€1,400",€900,"€1,600",€400,€700,€400,€700,€400,€800,€500,€900,€700,"€1,300",€700,"€1,300",€700,"€1,400",€800,"€1,600",€900,"€1,600",€900,"€1,600",€900,"€1,700","€1,000","€2,000"
Sozialarbeiter/in,social_worker,831,,"€1,000",€400,€700,€400,€700,€400,€800,€500,€900,€700,"€1,300",€700,"€1,300",€700,"€1,400",€800,"€1,600",€900,"€1,600",€900,"€1,600",€900,"€1,700","€1,000","€2,000",€500,€900,€500,€900,€500,"€1,000",€600,"€1,100",€800,"€1,600",€800,"€1,600",€900,"€1,800","€1,000","€2,000","€1,000","€2,000","€1,000","€2,000","€1,100","€2,200","€1,300","€2,500"
Speditionskaufmann/-frau,logistics_manager,51622,Hard,"€1,000",€400,€700,€400,€700,€400,€800,€500,€900,€700,"€1,300",€700,"€1,300",€700,"€1,400",€800,"€1,600",€900,"€1,600",€900,"€1,600",€900,"€1,700","€1,000","€2,000",€500,€900,€500,€900,€500,"€1,000",€600,"€1,100",€800,"€1,600",€800,"€1,600",€900,"€1,800","€1,000","€2,000","€1,000","€2,000","€1,000","€2,000","€1,100","€2,200","€1,300","€2,500"
Stellvertretender Restaurantleiter/-in,assistant_manager,63394,Hard,€800,€400,€500,€400,€500,€400,€600,€400,€700,€700,€900,€700,€900,€700,"€1,100",€700,"€1,300",€900,"€1,100",€900,"€1,100",€900,"€1,400",€900,"€1,600",€400,€700,€400,€700,€400,€800,€500,€900,€700,"€1,300",€700,"€1,300",€700,"€1,400",€800,"€1,600",€900,"€1,600",€900,"€1,600",€900,"€1,700","€1,000","€2,000"
Tagesmutter/-vater,childcare,83111,,"€1,000",€400,€700,€400,€700,€400,€800,€500,€900,€700,"€1,300",€700,"€1,300",€700,"€1,400",€800,"€1,600",€900,"€1,600",€900,"€1,600",€900,"€1,700","€1,000","€2,000",€500,€900,€500,€900,€500,"€1,000",€600,"€1,100",€800,"€1,600",€800,"€1,600",€900,"€1,800","€1,000","€2,000","€1,000","€2,000","€1,000","€2,000","€1,100","€2,200","€1,300","€2,500"
Tankwart/in,gas_station_attendant,62282,,"€1,100",€400,€800,€400,€800,€500,€900,€500,"€1,000",€700,"€1,400",€700,"€1,400",€800,"€1,600",€900,"€1,800",€900,"€1,700",€900,"€1,700","€1,000","€2,000","€1,100","€2,200",€500,"€1,000",€500,"€1,000",€600,"€1,100",€600,"€1,200",€900,"€1,800",€900,"€1,800","€1,000","€2,000","€1,100","€2,100","€1,100","€2,200","€1,100","€2,200","€1,300","€2,500","€1,400","€2,600"
Taxifahrer/in,cabdriver,5211,,"€1,000",€400,€700,€400,€700,€400,€800,€500,€900,€700,"€1,300",€700,"€1,300",€700,"€1,400",€800,"€1,600",€900,"€1,600",€900,"€1,600",€900,"€1,700","€1,000","€2,000",€500,€900,€500,€900,€500,"€1,000",€600,"€1,100",€800,"€1,600",€800,"€1,600",€900,"€1,800","€1,000","€2,000","€1,000","€2,000","€1,000","€2,000","€1,100","€2,200","€1,300","€2,500"
Teamleiter/-in,team_leader,71393,,"€1,100",€400,€800,€400,€800,€500,€900,€500,"€1,000",€700,"€1,400",€700,"€1,400",€800,"€1,600",€900,"€1,800",€900,"€1,700",€900,"€1,700","€1,000","€2,000","€1,100","€2,200",€500,"€1,000",€500,"€1,000",€600,"€1,100",€600,"€1,200",€900,"€1,800",€900,"€1,800","€1,000","€2,000","€1,100","€2,100","€1,100","€2,200","€1,100","€2,200","€1,300","€2,500","€1,400","€2,600"
Teamleiter/-in (IT),team_leader_it,43394,Very Hard,"€1,000",€400,€700,€400,€700,€400,€800,€500,€900,€700,"€1,300",€700,"€1,300",€700,"€1,400",€800,"€1,600",€900,"€1,600",€900,"€1,600",€900,"€1,700","€1,000","€2,000",€500,€900,€500,€900,€500,"€1,000",€600,"€1,100",€800,"€1,600",€800,"€1,600",€900,"€1,800","€1,000","€2,000","€1,000","€2,000","€1,000","€2,000","€1,100","€2,200","€1,300","€2,500"
Teamleiter/-in (Kundenservice),team_leader_customer_support,71493,Hard,"€1,100",€400,€800,€400,€800,€500,€900,€500,"€1,000",€700,"€1,400",€700,"€1,400",€800,"€1,600",€900,"€1,800",€900,"€1,700",€900,"€1,700","€1,000","€2,000","€1,100","€2,200",€500,"€1,000",€500,"€1,000",€600,"€1,100",€600,"€1,200",€900,"€1,800",€900,"€1,800","€1,000","€2,000","€1,100","€2,100","€1,100","€2,200","€1,100","€2,200","€1,300","€2,500","€1,400","€2,600"
Teamleiter/-in (Sales),team_leader_tele_sales,61194,Hard,"€1,100",€400,€800,€400,€800,€500,€900,€500,"€1,000",€700,"€1,400",€700,"€1,400",€800,"€1,600",€900,"€1,800",€900,"€1,700",€900,"€1,700","€1,000","€2,000","€1,100","€2,200",€500,"€1,000",€500,"€1,000",€600,"€1,100",€600,"€1,200",€900,"€1,800",€900,"€1,800","€1,000","€2,000","€1,100","€2,100","€1,100","€2,200","€1,100","€2,200","€1,300","€2,500","€1,400","€2,600"
Techniker/-in,technician,25103,Hard,"€1,100",€400,€800,€400,€800,€500,€900,€500,"€1,000",€700,"€1,400",€700,"€1,400",€800,"€1,600",€900,"€1,800",€900,"€1,700",€900,"€1,700","€1,000","€2,000","€1,100","€2,200",€500,"€1,000",€500,"€1,000",€600,"€1,100",€600,"€1,200",€900,"€1,800",€900,"€1,800","€1,000","€2,000","€1,100","€2,100","€1,100","€2,200","€1,100","€2,200","€1,300","€2,500","€1,400","€2,600"
Telefonist/in,telephonist,71401,,€800,€400,€500,€400,€500,€400,€600,€400,€700,€700,€900,€700,€900,€700,"€1,100",€700,"€1,300",€900,"€1,100",€900,"€1,100",€900,"€1,400",€900,"€1,600",€400,€700,€400,€700,€400,€800,€500,€900,€700,"€1,300",€700,"€1,300",€700,"€1,400",€800,"€1,600",€900,"€1,600",€900,"€1,600",€900,"€1,700","€1,000","€2,000"
Übersetzer/in,translator,7142,,"€1,100",€400,€800,€400,€800,€500,€900,€500,"€1,000",€700,"€1,400",€700,"€1,400",€800,"€1,600",€900,"€1,800",€900,"€1,700",€900,"€1,700","€1,000","€2,000","€1,100","€2,200",€500,"€1,000",€500,"€1,000",€600,"€1,100",€600,"€1,200",€900,"€1,800",€900,"€1,800","€1,000","€2,000","€1,100","€2,100","€1,100","€2,200","€1,100","€2,200","€1,300","€2,500","€1,400","€2,600"
Uhrmacher/-in,watchmaker,2453,Hard,"€1,000",€400,€700,€400,€700,€400,€800,€500,€900,€700,"€1,300",€700,"€1,300",€700,"€1,400",€800,"€1,600",€900,"€1,600",€900,"€1,600",€900,"€1,700","€1,000","€2,000",€500,€900,€500,€900,€500,"€1,000",€600,"€1,100",€800,"€1,600",€800,"€1,600",€900,"€1,800","€1,000","€2,000","€1,000","€2,000","€1,000","€2,000","€1,100","€2,200","€1,300","€2,500"
Umzugshelfer/in,removal_helper,2234,,"€1,000",€400,€700,€400,€700,€400,€800,€500,€900,€700,"€1,300",€700,"€1,300",€700,"€1,400",€800,"€1,600",€900,"€1,600",€900,"€1,600",€900,"€1,700","€1,000","€2,000",€500,€900,€500,€900,€500,"€1,000",€600,"€1,100",€800,"€1,600",€800,"€1,600",€900,"€1,800","€1,000","€2,000","€1,000","€2,000","€1,000","€2,000","€1,100","€2,200","€1,300","€2,500"
Unternehmensberater/-in,business_consultant,71324,Very Hard,"€1,100",€400,€800,€400,€800,€500,€900,€500,"€1,000",€700,"€1,400",€700,"€1,400",€800,"€1,600",€900,"€1,800",€900,"€1,700",€900,"€1,700","€1,000","€2,000","€1,100","€2,200",€500,"€1,000",€500,"€1,000",€600,"€1,100",€600,"€1,200",€900,"€1,800",€900,"€1,800","€1,000","€2,000","€1,100","€2,100","€1,100","€2,200","€1,100","€2,200","€1,300","€2,500","€1,400","€2,600"
UX-Designer/-in,ux_designer,23294,Very Hard,€700,€400,€400,€400,€400,€400,€500,€400,€600,€700,€700,€700,€700,€700,€900,€700,"€1,100",€900,€900,€900,€900,€900,"€1,100",€900,"€1,400",€400,€600,€400,€600,€400,€700,€400,€800,€700,"€1,100",€700,"€1,100",€700,"€1,300",€700,"€1,400",€900,"€1,400",€900,"€1,400",€900,"€1,600",€900,"€1,700"
Verkäufer/-in,sales_clerk,62,,"€1,100",€400,€800,€400,€800,€500,€900,€500,"€1,000",€700,"€1,400",€700,"€1,400",€800,"€1,600",€900,"€1,800",€900,"€1,700",€900,"€1,700","€1,000","€2,000","€1,100","€2,200",€500,"€1,000",€500,"€1,000",€600,"€1,100",€600,"€1,200",€900,"€1,800",€900,"€1,800","€1,000","€2,000","€1,100","€2,100","€1,100","€2,200","€1,100","€2,200","€1,300","€2,500","€1,400","€2,600"
Versicherungskaufmann/-frau,insurance_salesman,7213,Hard,"€1,000",€400,€700,€400,€700,€400,€800,€500,€900,€700,"€1,300",€700,"€1,300",€700,"€1,400",€800,"€1,600",€900,"€1,600",€900,"€1,600",€900,"€1,700","€1,000","€2,000",€500,€900,€500,€900,€500,"€1,000",€600,"€1,100",€800,"€1,600",€800,"€1,600",€900,"€1,800","€1,000","€2,000","€1,000","€2,000","€1,000","€2,000","€1,100","€2,200","€1,300","€2,500"
Versicherungsmathematiker/-in,actuary,41184,,"€1,100",€400,€800,€400,€800,€500,€900,€500,"€1,000",€700,"€1,400",€700,"€1,400",€800,"€1,600",€900,"€1,800",€900,"€1,700",€900,"€1,700","€1,000","€2,000","€1,100","€2,200",€500,"€1,000",€500,"€1,000",€600,"€1,100",€600,"€1,200",€900,"€1,800",€900,"€1,800","€1,000","€2,000","€1,100","€2,100","€1,100","€2,200","€1,100","€2,200","€1,300","€2,500","€1,400","€2,600"
Vertriebler/-in,sales,6112,,€700,€400,€400,€400,€400,€400,€500,€400,€600,€700,€700,€700,€700,€700,€900,€700,"€1,100",€900,€900,€900,€900,€900,"€1,100",€900,"€1,400",€400,€600,€400,€600,€400,€700,€400,€800,€700,"€1,100",€700,"€1,100",€700,"€1,300",€700,"€1,400",€900,"€1,400",€900,"€1,400",€900,"€1,600",€900,"€1,700"
Visagist/in,make_up_artist,82322,,"€1,000",€400,€700,€400,€700,€400,€800,€500,€900,€700,"€1,300",€700,"€1,300",€700,"€1,400",€800,"€1,600",€900,"€1,600",€900,"€1,600",€900,"€1,700","€1,000","€2,000",€500,€900,€500,€900,€500,"€1,000",€600,"€1,100",€800,"€1,600",€800,"€1,600",€900,"€1,800","€1,000","€2,000","€1,000","€2,000","€1,000","€2,000","€1,100","€2,200","€1,300","€2,500"
Wirtschaftswissenschaftler/-in,economist,91404,Very Hard,€800,€400,€500,€400,€500,€400,€600,€400,€700,€700,€900,€700,€900,€700,"€1,100",€700,"€1,300",€900,"€1,100",€900,"€1,100",€900,"€1,400",€900,"€1,600",€400,€700,€400,€700,€400,€800,€500,€900,€700,"€1,300",€700,"€1,300",€700,"€1,400",€800,"€1,600",€900,"€1,600",€900,"€1,600",€900,"€1,700","€1,000","€2,000"
Zugbegleiter/-in,train_attendant,51412,,"€1,000",€400,€700,€400,€700,€400,€800,€500,€900,€700,"€1,300",€700,"€1,300",€700,"€1,400",€800,"€1,600",€900,"€1,600",€900,"€1,600",€900,"€1,700","€1,000","€2,000",€500,€900,€500,€900,€500,"€1,000",€600,"€1,100",€800,"€1,600",€800,"€1,600",€900,"€1,800","€1,000","€2,000","€1,000","€2,000","€1,000","€2,000","€1,100","€2,200","€1,300","€2,500"
Zusteller/-in,messenger,51321,,"€1,000",€400,€700,€400,€700,€400,€800,€500,€900,€700,"€1,300",€700,"€1,300",€700,"€1,400",€800,"€1,600",€900,"€1,600",€900,"€1,600",€900,"€1,700","€1,000","€2,000",€500,€900,€500,€900,€500,"€1,000",€600,"€1,100",€800,"€1,600",€800,"€1,600",€900,"€1,800","€1,000","€2,000","€1,000","€2,000","€1,000","€2,000","€1,100","€2,200","€1,300","€2,500"
